{
    "LabelColor": {
        "r": 1.0,
        "g": 1.0,
        "b": 1.0,
        "a": 1.0
    },
    "FoldersData": {
        "Keys": [
            "912cc0a40f4ddfd409380f0d1eafc090"
        ],
        "Values": [
            {
                "_guid": "912cc0a40f4ddfd409380f0d1eafc090",
                "_isScene": false,
                "_color": {
                    "r": 0.699999988079071,
                    "g": 0.5335301160812378,
                    "b": 0.21000000834465028,
                    "a": 0.699999988079071
                },
                "_recursive": false,
                "_tag": "编辑器资源",
                "_desc": "编辑器资源，不需要被打入AssetBundle"
            }
        ]
    }
}