{"defList":[{"ColorDefName":"Color1","colorValue":{"r":0.9254902005195618,"g":0.27843138575553896,"b":0.239215686917305,"a":1.0},"ColorComment":"color 1"}]}